month_num,avg_transactions,avg_sales_value,avg_transaction_value,years_observed,month_name,transaction_seasonality_index
1,1169912.5,31121.782483050793,0.026612853946048468,2,January,0.8879101329792306
2,1077135.5,30110.54931355927,0.028005569652788283,2,February,0.8174966290570022
3,1167251.0,33911.61241525418,0.029037861900103854,2,March,0.8858901760859379
4,1408668.0,40316.73648305078,0.02860101291266216,2,April,1.0691146484917349
5,1461067.0,40251.59834745756,0.027532098421812444,2,May,1.1088830953268431
6,1835354.5,45851.88846610161,0.024960955453333464,2,June,1.39295020624109
7,1579498.0,36375.06827118637,0.023145111636389763,2,July,1.1987668130910891
8,1245361.0,31838.172991525364,0.02557332404545318,2,August,0.9451720971586743
9,1227178.0,40304.04986440671,0.03284287190970398,1,September,0.9313720309588847
10,1271906.0,39286.26260169485,0.03101006741118898,2,October,0.9653185392899736
11,1234326.0,38927.70419491519,0.03156316183569492,2,November,0.936797036359319
12,1133571.0,31900.053584745707,0.02813879251859977,2,December,0.8603285949602208
