month,transaction_count,total_sales_value,avg_transaction_value
2018-09,594776,17755.63959322031,0.029852649725645133
2018-10,1397040,41584.81661016942,0.029766375057385202
2018-11,1270619,39000.98838983045,0.030694479139561463
2018-12,1148827,32532.51471186435,0.028318027615876325
2019-01,1263471,33449.98147457621,0.026474672924488345
2019-02,1152412,31428.221813559263,0.02727168912989388
2019-03,1286750,37549.020169491465,0.02918128631784843
2019-04,1476454,42824.98730508467,0.02900529735778065
2019-05,1560319,43357.502322033826,0.027787588513652546
2019-06,1906202,48648.41786440669,0.025521124132912826
2019-07,1807494,40387.129372881274,0.02234426746250957
2019-08,1253530,30545.8467288135,0.024367862539239987
2019-09,1227178,40304.04986440671,0.03284287190970398
2019-10,1146772,36987.70859322028,0.032253759764992763
2019-11,1198033,38854.41999999994,0.032431844531828374
2019-12,1118315,31267.592457627066,0.027959557421323212
2020-01,1076354,28793.583491525373,0.026751034967608587
2020-02,1001859,28792.876813559276,0.028739450175682683
2020-03,1047752,30274.204661016898,0.02889443748235928
2020-04,1340882,37808.485661016886,0.028196728467543668
2020-05,1361815,37145.69437288129,0.027276608329972345
2020-06,1764507,43055.35906779653,0.024400786773754103
2020-07,1351502,32363.007169491462,0.023945955810269953
2020-08,1237192,33130.49925423723,0.026778785551666375
2020-09,798269,26803.426288135553,0.033576934953174375
