product_group_name,transaction_count,total_sales_value,avg_price,sales_value_share_pct,transaction_share_pct,value_mix_gap_pp
Garment Upper body,12552755,338981.79,0.027,38.32,39.49,-1.1700000000000017
Garment Lower body,7046054,231774.62,0.03289,26.2,22.17,4.029999999999998
Garment Full body,3552470,128478.94,0.03617,14.52,11.18,3.34
Swimwear,2579222,57628.17,0.02234,6.51,8.11,-1.5999999999999996
Underwear,2565858,54395.86,0.0212,6.15,8.07,-1.92
Shoes,745521,28888.36,0.03875,3.27,2.35,0.9199999999999999
Accessories,1599593,24893.82,0.01556,2.81,5.03,-2.22
Nightwear,348180,8852.82,0.02543,1.0,1.1,-0.10000000000000009
Socks & Tights,685712,7811.14,0.01139,0.88,2.16,-1.2800000000000002
Unknown,97040,2598.73,0.02678,0.29,0.31,-0.020000000000000018
Bags,7313,243.88,0.03335,0.03,0.02,0.009999999999999998
Items,5427,61.53,0.01134,0.01,0.02,-0.01
Underwear/nightwear,559,15.57,0.02785,0.0,0.0,0.0
Cosmetic,1500,8.77,0.00585,0.0,0.0,0.0
Furniture,533,5.11,0.00959,0.0,0.0,0.0
Garment and Shoe care,279,4.88,0.01748,0.0,0.0,0.0
Interior textile,74,1.22,0.01645,0.0,0.0,0.0
Stationery,229,0.73,0.0032,0.0,0.0,0.0
Fun,5,0.04,0.00888,0.0,0.0,0.0
